Image,title,price,Club Price
//cdn.fcglcdn.com/brainbees/images/products/300x364/10424410a.webp,Mustang Regular Length Striped Socks Stars Design - Navy Grey,['213.3'],['207.9']
//cdn.fcglcdn.com/brainbees/images/products/300x364/10399216a.webp,Cute Walk by Babyhug Ankle Length Anti Bacterial Socks Kitty Design Pack of 3 - Blue Grey,['236.21'],['230.23']
//cdn.fcglcdn.com/brainbees/images/products/300x364/10424437a.webp,Mustang Printed Socks Set of 3 - Black Grey Yellow,['237'],['231']
//cdn.fcglcdn.com/brainbees/images/products/300x364/10171890a.webp,Cute Walk by Babyhug Cotton Blend Ankle Length Antibacterial Socks Mickey Mouse Design Pack of 3 - Red Navy Blue,['252.01'],['245.63']
//cdn.fcglcdn.com/brainbees/images/products/300x364/10171878a.webp,Cute Walk by Babyhug Ankle Length Antibacterial Socks Disney Design Pack of 3 - Blue,['252.01'],['245.63']
//cdn.fcglcdn.com/brainbees/images/products/300x364/9978899a.webp,Tipy Tipy Tap Solid Leg Warmers With Socks Set Of 10 - Multicolor,['919.08'],['899.1']
//cdn.fcglcdn.com/brainbees/images/products/300x364/10171896a.webp,Cute Walk by Babyhug Cotton Blend Ankle Length Antibacterial Socks Mickey Mouse Design Pack of 3 - Grey Red,['252.01'],['245.63']
//cdn.fcglcdn.com/brainbees/images/products/300x364/9960132a.webp,Cute Walk by Babyhug Ankle Length Antibacterial Socks Space Design Pack of 3 - Blue Yellow Black,['196.71'],['191.73']
//cdn.fcglcdn.com/brainbees/images/products/300x364/9960114a.webp,Cute Walk by Babyhug Ankle Length Antibacterial Socks Space Design Pack of 3 -  Multicolor,['196.71'],['191.73']
//cdn.fcglcdn.com/brainbees/images/products/300x364/8601437a.webp,Footprints Organic Stripes And Stars Print Pair Of 6 Socks - Multi Color,['396'],['396']
//cdn.fcglcdn.com/brainbees/images/products/300x364/8601513a.webp,Footprints Organic Cotton Big Dot & Striped Socks Pack Of 8 Pairs - Multicolour,['396'],['396']
//cdn.fcglcdn.com/brainbees/images/products/300x364/10343774a.webp,Cute Walk by Babyhug Cotton Blend Ankle Length Anti Bacterial Socks Rocket Design Pack of 3 - Red Blue,['236.21'],['230.23']
//cdn.fcglcdn.com/brainbees/images/products/300x364/10177279a.webp,NoFall Anti Slip Robot & Car Design Socks - Multi Color,['198.85'],['194.75']
//cdn.fcglcdn.com/brainbees/images/products/300x364/10397166a.webp,Cute Walk by Babyhug Cotton Blend Ankle Length Anti Bacterial Socks Paw Design Pack of 3 - Blue,['236.21'],['230.23']
//cdn.fcglcdn.com/brainbees/images/products/300x364/10397193a.webp,Cute Walk by Babyhug Cotton Blend Ankle Length Anti Bacterial Socks Penguin Design Pack of 3 - Black,['236.21'],['230.23']
//cdn.fcglcdn.com/brainbees/images/products/300x364/10424425a.webp,Mustang Printed Socks Set of 3 - Navy Grey,['237'],['231']
//cdn.fcglcdn.com/brainbees/images/products/300x364/10171927a.webp,Cute Walk by Babyhug Cotton Blend Ankle Length Anti Bacterial Socks Spiderman Print Pack of 2 - Black Red,['173.01'],['168.63']
//cdn.fcglcdn.com/brainbees/images/products/300x364/9960128a.webp,Cute Walk by Babyhug Anti Bacterial Ankle Length Terry Socks Pack of 3 -  GreyBlack,['196.71'],['191.73']
//cdn.fcglcdn.com/brainbees/images/products/300x364/9539552a.webp,Cute Walk by Babyhug Anti Bacterail Ankle Length Socks Pack of 7 - Multicolour,['433.71'],['422.73']
//cdn.fcglcdn.com/brainbees/images/products/300x364/10424314a.webp,Mustang Regular Length Socks Kangaroo Design - Navy,['86.9'],['84.7']
