title,price
Babyhug Half Sleeves T-Shirts Striped and Dino Print Pack of 3 - Blue Green White,710.21
Babyhug Half Sleeves Tee Captain Print - Navy,899
Babyhug Full Sleeves T-Shirt Text Print - Blue,(21% Off)
Babyhug Full Sleeves T-Shirt Animals Print - Green,315.21
Pine Kids Half Sleeves Biowashed Printed Tee - Orange,399
Pine Kids Half Sleeves Biowashed Printed Tee - Green,(21% Off)
Babyhug Half Sleeves T-shirt Animal Print Pack of 5 - Multicolour,354.71
Doreme Half Sleeves Cotton T-shirt Urban Art Print - White,449
Pine Kids Half Sleeves Biowash T-Shirts Assorted Print Pack of 3 - Blue Orange Green,(21% Off)
Pine Kids Half Sleeves Biowashed T-Shirt Text Print - Blue,354.71
Pine Kids Half Sleeves Biowashed T-Shirt Text Print - Navy,449
Babyhug Full Sleeves T-Shirts Multiprint Pack of 7 - Multicolour,(21% Off)
Babyhug Full Sleeves Tee Tiger Print Pack of 3 - White Royal Blue Light Green,275.71
Pine Kids Half Sleeves Biowashed Printed Tee - Green,349
ToffyHouse Full Sleeves Tee Text Print - White Light & Royal Blue,(21% Off)
Pine Kids Half Sleeves Biowashed Tee - Yellow,275.71
Ollypop Half Sleeves T-Shirt Text Print - Blue,349
Babyhug Full Sleeves Tee Giraffe Print Pack of 3 - Yellow White Light Green,(21% Off)
Doreme Half Sleeves Tee Robot Print - Light Gren,1105.21
Ollypop Full Sleeves Solid Colour Skivi T-Shirt - Black,1399
